series,filename,format,status,sensor_iri,measurement_point_iri,measurement_point_mapping_status,observations_mapped,consumption_events_mapped,observation_collections_mapped,flow_volume_asserted,myd_splitter_events_asserted,unit_asserted,notes
Bidet,feed_Bidet.MYD.csv,A,PROCESSED,https://w3id.org/eautonome/weusedtoSensorBidet,https://w3id.org/eautonome/weusedtoMeasurementPointBidet,PARTIAL,79496,0,0,False,False,False,"Flow unit unclear: docs say ml/s, but liters() does flow*dt with no /1000. Raw numbers kept; no QUDT unit. Format A: sample epoch stored as sosa:resultTime (instant sample assumption)."
Kitchenfaucet,feed_Kitchenfaucet.MYD.csv,A,PROCESSED,https://w3id.org/eautonome/weusedtoSensorKitchenfaucet,https://w3id.org/eautonome/weusedtoMeasurementPointKitchenfaucet,PARTIAL,99754,0,0,False,False,False,"Flow unit unclear: docs say ml/s, but liters() does flow*dt with no /1000. Raw numbers kept; no QUDT unit. Format A: sample epoch stored as sosa:resultTime (instant sample assumption)."
Shower,feed_Shower.MYD.csv,A,PROCESSED,https://w3id.org/eautonome/weusedtoSensorShower,https://w3id.org/eautonome/weusedtoMeasurementPointShower,PARTIAL,107079,0,0,False,False,False,"Flow unit unclear: docs say ml/s, but liters() does flow*dt with no /1000. Raw numbers kept; no QUDT unit. Format A: sample epoch stored as sosa:resultTime (instant sample assumption)."
Washbasin,feed_Washbasin.MYD.csv,A,PROCESSED,https://w3id.org/eautonome/weusedtoSensorWashbasin,https://w3id.org/eautonome/weusedtoMeasurementPointWashbasin,PARTIAL,119501,0,0,False,False,False,"Flow unit unclear: docs say ml/s, but liters() does flow*dt with no /1000. Raw numbers kept; no QUDT unit. Format A: sample epoch stored as sosa:resultTime (instant sample assumption)."
Washingmachine,feed_Washingmachine.MYD.csv,A,PROCESSED,https://w3id.org/eautonome/weusedtoSensorWashingmachine,https://w3id.org/eautonome/weusedtoMeasurementPointWashingmachine,PARTIAL,12055,0,0,False,False,False,"Flow unit unclear: docs say ml/s, but liters() does flow*dt with no /1000. Raw numbers kept; no QUDT unit. Format A: sample epoch stored as sosa:resultTime (instant sample assumption)."
WholeHouse,feed_WholeHouse.MYD.csv,A,PROCESSED,https://w3id.org/eautonome/weusedtoSensorWholeHouse,https://w3id.org/eautonome/weusedtoMeasurementPointWholeHouse,PARTIAL,18895,0,0,False,False,False,"Flow unit unclear: docs say ml/s, but liters() does flow*dt with no /1000. Raw numbers kept; no QUDT unit. Format A: sample epoch stored as sosa:resultTime (instant sample assumption)."
Dishwasher30,feed_Dishwasher30.MYD.csv,B,PROCESSED,https://w3id.org/eautonome/weusedtoSensorDishwasher30,https://w3id.org/eautonome/weusedtoMeasurementPointDishwasher30,PARTIAL,52,52,52,False,False,False,Format B Flow is a single value per interval; mean/peak/nominal unknown.
Toilet,feed.Toilet.csv,B,PROCESSED,https://w3id.org/eautonome/weusedtoSensorToilet,https://w3id.org/eautonome/weusedtoMeasurementPointToilet,PARTIAL,1188,1188,1188,False,False,False,Format B Flow is a single value per interval; mean/peak/nominal unknown.
Dishwasher50eco,,B,NOT_AVAILABLE,,,NOT_AVAILABLE,0,0,0,False,False,False,Listed upstream; file missing from this data snapshot.
