query_id,eautonome_status,eautonome_rows,hsb_status,hsb_rows,weusedto_status,weusedto_rows
Q1,SUPPORTED_UNCHANGED,742,SUPPORTED_UNCHANGED,652315,SUPPORTED_UNCHANGED,438020
Q2,SUPPORTED_UNCHANGED,3,SUPPORTED_UNCHANGED,1,SUPPORTED_UNCHANGED,1
Q3,SUPPORTED_UNCHANGED,10,SUPPORTED_UNCHANGED,214,NOT_ANSWERABLE_FROM_SOURCE,0
Q4,SUPPORTED_UNCHANGED,742,SUPPORTED_UNCHANGED,652315,SUPPORTED_UNCHANGED,438020
Q5,SUPPORTED_UNCHANGED,742,SUPPORTED_UNCHANGED,652315,PARTIAL,436780
Q6,SUPPORTED_UNCHANGED,18,NOT_ANSWERABLE_FROM_SOURCE,,NOT_ANSWERABLE_FROM_SOURCE,0
Q7,SUPPORTED_UNCHANGED,7,NOT_ANSWERABLE_FROM_SOURCE,,PARTIAL,1240
Q8,SUPPORTED_UNCHANGED,742,SUPPORTED_UNCHANGED,652315,NOT_ANSWERABLE_FROM_SOURCE,0
Q9,SUPPORTED_UNCHANGED,6,NOT_ANSWERABLE_FROM_SOURCE,,NOT_ANSWERABLE_FROM_SOURCE,0
Q10,SUPPORTED_UNCHANGED,14,SUPPORTED_WITH_PARAMETERIZATION,214,PARTIAL,0
Q11,SUPPORTED_UNCHANGED,742,SUPPORTED_UNCHANGED,652315,NOT_ANSWERABLE_FROM_SOURCE,0
Q12,SUPPORTED_UNCHANGED,4,NOT_ANSWERABLE_FROM_SOURCE,,NOT_ANSWERABLE_FROM_SOURCE,0
Q13,SUPPORTED_UNCHANGED,740,NOT_ANSWERABLE_FROM_SOURCE,,PARTIAL,1240
