term,kind,occurrences,iri,in_files
deployedOnPlatform,property,1,http://www.w3.org/ns/sosa/deployedOnPlatform,docs/ontology/eautonome.ttl
deployedSystem,property,14,http://www.w3.org/ns/sosa/deployedSystem,docs/ontology/eautonome.ttl
Deployment,class,3,http://www.w3.org/ns/sosa/Deployment,docs/ontology/eautonome.ttl
FeatureOfInterest,class,3,http://www.w3.org/ns/sosa/FeatureOfInterest,docs/ontology/eautonome.ttl
forProperty,property,24,http://www.w3.org/ns/sosa/forProperty,docs/ontology/eautonome.ttl
hasDeployment,property,2,http://www.w3.org/ns/sosa/hasDeployment,docs/ontology/eautonome.ttl
hasFeatureOfInterest,property,763,http://www.w3.org/ns/sosa/hasFeatureOfInterest,docs/ontology/eautonome.ttl|docs/data/hydrodynamic-observations.jsonld|docs/data/shower-observations.jsonld
hasMember,property,740,http://www.w3.org/ns/sosa/hasMember,docs/data/hydrodynamic-observations.jsonld|docs/data/shower-observations.jsonld
hasOperatingConditions,property,2,http://www.w3.org/ns/sosa/hasOperatingConditions,docs/ontology/eautonome.ttl
hasProperty,property,20,http://www.w3.org/ns/sosa/hasProperty,docs/ontology/eautonome.ttl
hasResult,property,742,http://www.w3.org/ns/sosa/hasResult,docs/ontology/eautonome.ttl|docs/data/hydrodynamic-observations.jsonld|docs/data/shower-observations.jsonld
hasSimpleResult,property,742,http://www.w3.org/ns/sosa/hasSimpleResult,docs/ontology/eautonome.ttl|docs/data/hydrodynamic-observations.jsonld|docs/data/shower-observations.jsonld
hasSubSystem,property,15,http://www.w3.org/ns/sosa/hasSubSystem,docs/ontology/eautonome.ttl
hasSystemCapability,property,2,http://www.w3.org/ns/sosa/hasSystemCapability,docs/ontology/eautonome.ttl
hasUltimateFeatureOfInterest,property,749,http://www.w3.org/ns/sosa/hasUltimateFeatureOfInterest,docs/ontology/eautonome.ttl|docs/data/hydrodynamic-observations.jsonld|docs/data/shower-observations.jsonld
hosts,property,16,http://www.w3.org/ns/sosa/hosts,docs/ontology/eautonome.ttl
implementedBy,property,14,http://www.w3.org/ns/sosa/implementedBy,docs/ontology/eautonome.ttl
implements,property,14,http://www.w3.org/ns/sosa/implements,docs/ontology/eautonome.ttl
inDeployment,property,1,http://www.w3.org/ns/sosa/inDeployment,docs/ontology/eautonome.ttl
isFeatureOfInterestOf,property,1,http://www.w3.org/ns/sosa/isFeatureOfInterestOf,docs/ontology/eautonome.ttl
isHostedBy,property,16,http://www.w3.org/ns/sosa/isHostedBy,docs/ontology/eautonome.ttl
isObservedBy,property,14,http://www.w3.org/ns/sosa/isObservedBy,docs/ontology/eautonome.ttl
madeBySensor,property,749,http://www.w3.org/ns/sosa/madeBySensor,docs/ontology/eautonome.ttl|docs/data/hydrodynamic-observations.jsonld|docs/data/shower-observations.jsonld
madeObservation,property,1,http://www.w3.org/ns/sosa/madeObservation,docs/ontology/eautonome.ttl
Observation,class,743,http://www.w3.org/ns/sosa/Observation,docs/ontology/eautonome.ttl|docs/data/hydrodynamic-observations.jsonld|docs/data/shower-observations.jsonld
ObservationCollection,class,15,http://www.w3.org/ns/sosa/ObservationCollection,docs/ontology/eautonome.ttl|docs/data/hydrodynamic-observations.jsonld|docs/data/shower-observations.jsonld
observedProperty,property,757,http://www.w3.org/ns/sosa/observedProperty,docs/ontology/eautonome.ttl|docs/data/hydrodynamic-observations.jsonld|docs/data/shower-observations.jsonld
observes,property,18,http://www.w3.org/ns/sosa/observes,docs/ontology/eautonome.ttl
ObservingProcedure,class,3,http://www.w3.org/ns/sosa/ObservingProcedure,docs/ontology/eautonome.ttl
phenomenonTime,property,7,http://www.w3.org/ns/sosa/phenomenonTime,docs/ontology/eautonome.ttl|docs/data/hydrodynamic-observations.jsonld|docs/data/shower-observations.jsonld
Platform,class,3,http://www.w3.org/ns/sosa/Platform,docs/ontology/eautonome.ttl
Property,class,1,http://www.w3.org/ns/sosa/Property,docs/ontology/eautonome.ttl
resultTime,property,742,http://www.w3.org/ns/sosa/resultTime,docs/ontology/eautonome.ttl|docs/data/hydrodynamic-observations.jsonld|docs/data/shower-observations.jsonld
Sensor,class,12,http://www.w3.org/ns/sosa/Sensor,docs/ontology/eautonome.ttl
startTime,property,1,http://www.w3.org/ns/sosa/startTime,docs/ontology/eautonome.ttl
System,class,4,http://www.w3.org/ns/sosa/System,docs/ontology/eautonome.ttl
usedProcedure,property,749,http://www.w3.org/ns/sosa/usedProcedure,docs/ontology/eautonome.ttl|docs/data/hydrodynamic-observations.jsonld|docs/data/shower-observations.jsonld
