term,slot_id,class,association,inherited_from,domainIncludes,rangeIncludes
deployedOnPlatform,sosa_deployed_on_platform,Deployment,direct,,Deployment,Platform
deployedSystem,sosa_deployed_system,Deployment,direct,,Deployment,Sensor|System
forProperty,sosa_for_property,ObservingProcedure,inherited,Procedure,Procedure|Sensor|System,Property
forProperty,sosa_for_property,Sensor,direct,,Procedure|Sensor|System,Property
forProperty,sosa_for_property,System,direct,,Procedure|Sensor|System,Property
hasDeployment,sosa_has_deployment,Platform,direct,,Asset|Platform|Sensor|System,Deployment
hasDeployment,sosa_has_deployment,Sensor,direct,,Asset|Platform|Sensor|System,Deployment
hasDeployment,sosa_has_deployment,System,direct,,Asset|Platform|Sensor|System,Deployment
hasFeatureOfInterest,sosa_has_feature_of_interest,Deployment,direct,,Deployment|Execution|ExecutionCollection|Observation|ObservationCollection,FeatureOfInterest
hasFeatureOfInterest,sosa_has_feature_of_interest,Observation,direct,,Deployment|Execution|ExecutionCollection|Observation|ObservationCollection,FeatureOfInterest
hasFeatureOfInterest,sosa_has_feature_of_interest,ObservationCollection,direct,,Deployment|Execution|ExecutionCollection|Observation|ObservationCollection,FeatureOfInterest
hasMember,sosa_has_member,ObservationCollection,direct,,ExecutionCollection|ObservationCollection,Execution|ExecutionCollection|Observation|ObservationCollection
hasOperatingConditions,sosa_has_operating_conditions,Sensor,direct,,Actuator|Sampler|Sensor|System,Observation|ObservationCollection|OperatingConditions
hasOperatingConditions,sosa_has_operating_conditions,System,direct,,Actuator|Sampler|Sensor|System,Observation|ObservationCollection|OperatingConditions
hasProperty,sosa_has_property,FeatureOfInterest,direct,,FeatureOfInterest,Property
hasResult,sosa_has_result,Observation,direct,,Execution|ExecutionCollection|Observation|ObservationCollection,
hasResult,sosa_has_result,ObservationCollection,direct,,Execution|ExecutionCollection|Observation|ObservationCollection,
hasSimpleResult,sosa_has_simple_result,Observation,direct,,Execution|ExecutionCollection|Observation|ObservationCollection,
hasSimpleResult,sosa_has_simple_result,ObservationCollection,direct,,Execution|ExecutionCollection|Observation|ObservationCollection,
hasSubSystem,sosa_has_sub_system,Sensor,direct,,Sensor|System,Sensor|System
hasSubSystem,sosa_has_sub_system,System,direct,,Sensor|System,Sensor|System
hasSystemCapability,sosa_has_system_capability,Sensor,direct,,Actuator|Sampler|Sensor|System,Observation|ObservationCollection
hasSystemCapability,sosa_has_system_capability,System,direct,,Actuator|Sampler|Sensor|System,Observation|ObservationCollection
hasUltimateFeatureOfInterest,sosa_has_ultimate_feature_of_interest,Deployment,direct,,Deployment|Execution|ExecutionCollection|Observation|ObservationCollection,FeatureOfInterest
hasUltimateFeatureOfInterest,sosa_has_ultimate_feature_of_interest,Observation,direct,,Deployment|Execution|ExecutionCollection|Observation|ObservationCollection,FeatureOfInterest
hasUltimateFeatureOfInterest,sosa_has_ultimate_feature_of_interest,ObservationCollection,direct,,Deployment|Execution|ExecutionCollection|Observation|ObservationCollection,FeatureOfInterest
hosts,sosa_hosts,Platform,direct,,Platform,Asset|Platform|Sensor|System
implementedBy,sosa_implemented_by,ObservingProcedure,inherited,Procedure,Procedure,Sensor|System
implements,sosa_implements,Sensor,direct,,Sensor|System,ObservingProcedure|Procedure
implements,sosa_implements,System,direct,,Sensor|System,ObservingProcedure|Procedure
inDeployment,sosa_in_deployment,Platform,direct,,Platform,Deployment
isFeatureOfInterestOf,sosa_is_feature_of_interest_of,FeatureOfInterest,direct,,FeatureOfInterest,Deployment|Execution|ExecutionCollection|Observation|ObservationCollection
isHostedBy,sosa_is_hosted_by,Platform,direct,,Asset|Platform|Sensor|System,Platform
isHostedBy,sosa_is_hosted_by,Sensor,direct,,Asset|Platform|Sensor|System,Platform
isHostedBy,sosa_is_hosted_by,System,direct,,Asset|Platform|Sensor|System,Platform
isObservedBy,sosa_is_observed_by,Property,direct,,Property,Sensor
madeBySensor,sosa_made_by_sensor,Observation,direct,,Observation|ObservationCollection,Sensor
madeBySensor,sosa_made_by_sensor,ObservationCollection,direct,,Observation|ObservationCollection,Sensor
madeObservation,sosa_made_observation,Sensor,direct,,Sensor,Observation|ObservationCollection
observedProperty,sosa_observed_property,Observation,direct,,Observation|ObservationCollection,Property
observedProperty,sosa_observed_property,ObservationCollection,direct,,Observation|ObservationCollection,Property
observes,sosa_observes,Sensor,direct,,Sensor,Property
phenomenonTime,sosa_phenomenon_time,Observation,direct,,Execution|ExecutionCollection|Observation|ObservationCollection,TemporalEntity
phenomenonTime,sosa_phenomenon_time,ObservationCollection,direct,,Execution|ExecutionCollection|Observation|ObservationCollection,TemporalEntity
resultTime,sosa_result_time,Observation,direct,,Execution|ExecutionCollection|Observation|ObservationCollection,
resultTime,sosa_result_time,ObservationCollection,direct,,Execution|ExecutionCollection|Observation|ObservationCollection,
startTime,sosa_start_time,Deployment,direct,,Deployment|Execution|ExecutionCollection|Observation|ObservationCollection,
startTime,sosa_start_time,Observation,direct,,Deployment|Execution|ExecutionCollection|Observation|ObservationCollection,
startTime,sosa_start_time,ObservationCollection,direct,,Deployment|Execution|ExecutionCollection|Observation|ObservationCollection,
usedProcedure,sosa_used_procedure,Observation,direct,,Execution|ExecutionCollection|Observation|ObservationCollection,ObservingProcedure|Procedure
usedProcedure,sosa_used_procedure,ObservationCollection,direct,,Execution|ExecutionCollection|Observation|ObservationCollection,ObservingProcedure|Procedure
