query_id,requirement_id,requirement_kind,rdf_terms
Q1,OBSERVATION_TYPE,CLASS,sosa:Observation
Q1,OBSERVATION_SENSOR_LINK,PROPERTY,sosa:madeBySensor
Q2,OBSERVATION_TYPE,CLASS,sosa:Observation
Q2,OBSERVED_PROPERTY,PROPERTY,sosa:observedProperty
Q3,MEASUREMENT_POINT_TYPE,CLASS,eau:MeasurementPoint
Q3,MEASUREMENT_POINT_ROOM_LINK,PROPERTY,eau:locatedIn
Q3,MEASUREMENT_POINT_ASSET_LINK,PROPERTY,eau:measuresOnAsset
Q4,OBSERVATION_TYPE,CLASS,sosa:Observation
Q4,SIMPLE_RESULT,PROPERTY,sosa:hasSimpleResult
Q5,OBSERVATION_TYPE,CLASS,sosa:Observation
Q5,RESULT_TIME,PROPERTY,sosa:resultTime
Q6,OPERATIONAL_STATUS,PROPERTY,eau:hasOperationalStatus
Q7,OBSERVATION_COLLECTION_TYPE,CLASS,sosa:ObservationCollection
Q7,PHENOMENON_TIME,PROPERTY,sosa:phenomenonTime
Q7,INTERVAL_BEGIN,PROPERTY_PATH,time:hasBeginning/time:inXSDDateTime
Q7,INTERVAL_END,PROPERTY_PATH,time:hasEnd/time:inXSDDateTime
Q7,CONSUMPTION_EVENT_LINK,PROPERTY,eau:hasConsumptionEvent
Q8,OBSERVATION_TYPE,CLASS,sosa:Observation
Q8,USED_PROCEDURE,PROPERTY,sosa:usedProcedure
Q9,SENSOR_TYPE_ASSERTION,PROPERTY,rdf:type
Q9,SENSOR_TYPE_HIERARCHY,PROPERTY_PATH,rdfs:subClassOf* → sosa:Sensor
Q9,CALIBRATION_SLOPE,PROPERTY,eau:hasCalibrationSlope
Q9,CALIBRATION_R2,PROPERTY,eau:hasCalibrationR2
Q10,DEPLOYMENT_IDENTIFIER,IDENTIFIER,eau:eautonomeDeployment
Q10,DEPLOYED_SYSTEM_LINK,PROPERTY,sosa:deployedSystem
Q10,SENSOR_TYPE_ASSERTION,PROPERTY,rdf:type
Q10,SENSOR_TYPE_HIERARCHY,PROPERTY_PATH,rdfs:subClassOf* → sosa:Sensor
Q11,OBSERVATION_TYPE,CLASS,sosa:Observation
Q11,OBSERVATION_FEATURE_OF_INTEREST,PROPERTY,sosa:hasFeatureOfInterest
Q11,MEASUREMENT_POINT_ROOM_LINK,PROPERTY,eau:locatedIn
Q12,SENSOR_MONITORS_MEASUREMENT_POINT,PROPERTY,eau:monitors
Q12,OPERATIONAL_STATUS,PROPERTY,eau:hasOperationalStatus
Q12,STATUS_FILTER_VALUES,FILTER_VALUE,"""inactive""|""planned"""
Q13,OBSERVATION_COLLECTION_TYPE,CLASS,sosa:ObservationCollection
Q13,CONSUMPTION_EVENT_LINK,PROPERTY,eau:hasConsumptionEvent
Q13,COLLECTION_MEMBER,PROPERTY,sosa:hasMember
