requirement_id,dataset,state,evidence_code
CALIBRATION_R2,EAUTONOME,AVAILABLE,NATIVE_DATA
CALIBRATION_R2,HSB,MISSING,SOURCE_METADATA_ABSENT
CALIBRATION_R2,WEUSEDTO,MISSING,SOURCE_METADATA_ABSENT
CALIBRATION_SLOPE,EAUTONOME,AVAILABLE,NATIVE_DATA
CALIBRATION_SLOPE,HSB,MISSING,SOURCE_METADATA_ABSENT
CALIBRATION_SLOPE,WEUSEDTO,MISSING,SOURCE_METADATA_ABSENT
COLLECTION_MEMBER,EAUTONOME,AVAILABLE,NATIVE_DATA
COLLECTION_MEMBER,HSB,MISSING,SOURCE_METADATA_ABSENT
COLLECTION_MEMBER,WEUSEDTO,PARTIAL,FORMAT_B_ONLY
CONSUMPTION_EVENT_LINK,EAUTONOME,AVAILABLE,NATIVE_DATA
CONSUMPTION_EVENT_LINK,HSB,MISSING,SOURCE_METADATA_ABSENT
CONSUMPTION_EVENT_LINK,WEUSEDTO,PARTIAL,FORMAT_B_ONLY
DEPLOYED_SYSTEM_LINK,EAUTONOME,AVAILABLE,NATIVE_DATA
DEPLOYED_SYSTEM_LINK,HSB,AVAILABLE,MAPPED_DIRECTLY
DEPLOYED_SYSTEM_LINK,WEUSEDTO,PARTIAL,PARTIAL_MAPPING
DEPLOYMENT_IDENTIFIER,EAUTONOME,AVAILABLE,NATIVE_DATA
DEPLOYMENT_IDENTIFIER,HSB,DATASET_SPECIFIC,DATASET_SPECIFIC_IRI
DEPLOYMENT_IDENTIFIER,WEUSEDTO,PARTIAL,PARTIAL_MAPPING
INTERVAL_BEGIN,EAUTONOME,AVAILABLE,NATIVE_DATA
INTERVAL_BEGIN,HSB,MISSING,SOURCE_METADATA_ABSENT
INTERVAL_BEGIN,WEUSEDTO,PARTIAL,FORMAT_B_ONLY
INTERVAL_END,EAUTONOME,AVAILABLE,NATIVE_DATA
INTERVAL_END,HSB,MISSING,SOURCE_METADATA_ABSENT
INTERVAL_END,WEUSEDTO,PARTIAL,FORMAT_B_ONLY
MEASUREMENT_POINT_ASSET_LINK,EAUTONOME,AVAILABLE,NATIVE_DATA
MEASUREMENT_POINT_ASSET_LINK,HSB,AVAILABLE,MAPPED_DIRECTLY
MEASUREMENT_POINT_ASSET_LINK,WEUSEDTO,MISSING,SOURCE_METADATA_ABSENT
MEASUREMENT_POINT_ROOM_LINK,EAUTONOME,AVAILABLE,NATIVE_DATA
MEASUREMENT_POINT_ROOM_LINK,HSB,AVAILABLE,MAPPED_DIRECTLY
MEASUREMENT_POINT_ROOM_LINK,WEUSEDTO,MISSING,SOURCE_METADATA_ABSENT
MEASUREMENT_POINT_TYPE,EAUTONOME,AVAILABLE,NATIVE_DATA
MEASUREMENT_POINT_TYPE,HSB,AVAILABLE,MAPPED_DIRECTLY
MEASUREMENT_POINT_TYPE,WEUSEDTO,PARTIAL,PARTIAL_MEASUREMENT_POINT_MAPPING
OBSERVATION_COLLECTION_TYPE,EAUTONOME,AVAILABLE,NATIVE_DATA
OBSERVATION_COLLECTION_TYPE,HSB,MISSING,SOURCE_METADATA_ABSENT
OBSERVATION_COLLECTION_TYPE,WEUSEDTO,PARTIAL,FORMAT_B_ONLY
OBSERVATION_FEATURE_OF_INTEREST,EAUTONOME,AVAILABLE,NATIVE_DATA
OBSERVATION_FEATURE_OF_INTEREST,HSB,AVAILABLE,MAPPED_DIRECTLY
OBSERVATION_FEATURE_OF_INTEREST,WEUSEDTO,PARTIAL,PARTIAL_MEASUREMENT_POINT_MAPPING
OBSERVATION_SENSOR_LINK,EAUTONOME,AVAILABLE,NATIVE_DATA
OBSERVATION_SENSOR_LINK,HSB,AVAILABLE,MAPPED_DIRECTLY
OBSERVATION_SENSOR_LINK,WEUSEDTO,AVAILABLE,MAPPED_DIRECTLY
OBSERVATION_TYPE,EAUTONOME,AVAILABLE,NATIVE_DATA
OBSERVATION_TYPE,HSB,AVAILABLE,MAPPED_DIRECTLY
OBSERVATION_TYPE,WEUSEDTO,AVAILABLE,MAPPED_DIRECTLY
OBSERVED_PROPERTY,EAUTONOME,AVAILABLE,NATIVE_DATA
OBSERVED_PROPERTY,HSB,AVAILABLE,MAPPED_DIRECTLY
OBSERVED_PROPERTY,WEUSEDTO,AVAILABLE,MAPPED_DIRECTLY
OPERATIONAL_STATUS,EAUTONOME,AVAILABLE,NATIVE_DATA
OPERATIONAL_STATUS,HSB,MISSING,SOURCE_METADATA_ABSENT
OPERATIONAL_STATUS,WEUSEDTO,MISSING,SOURCE_METADATA_ABSENT
PHENOMENON_TIME,EAUTONOME,AVAILABLE,NATIVE_DATA
PHENOMENON_TIME,HSB,MISSING,SOURCE_METADATA_ABSENT
PHENOMENON_TIME,WEUSEDTO,PARTIAL,FORMAT_B_ONLY
RESULT_TIME,EAUTONOME,AVAILABLE,NATIVE_DATA
RESULT_TIME,HSB,AVAILABLE,MAPPED_DIRECTLY
RESULT_TIME,WEUSEDTO,PARTIAL,MODELLING_ASSUMPTION
SENSOR_MONITORS_MEASUREMENT_POINT,EAUTONOME,AVAILABLE,NATIVE_DATA
SENSOR_MONITORS_MEASUREMENT_POINT,HSB,AVAILABLE,MAPPED_DIRECTLY
SENSOR_MONITORS_MEASUREMENT_POINT,WEUSEDTO,PARTIAL,PARTIAL_MEASUREMENT_POINT_MAPPING
SENSOR_TYPE_ASSERTION,EAUTONOME,AVAILABLE,NATIVE_DATA
SENSOR_TYPE_ASSERTION,HSB,AVAILABLE,MAPPED_DIRECTLY
SENSOR_TYPE_ASSERTION,WEUSEDTO,AVAILABLE,MAPPED_DIRECTLY
SENSOR_TYPE_HIERARCHY,EAUTONOME,AVAILABLE,NATIVE_DATA
SENSOR_TYPE_HIERARCHY,HSB,AVAILABLE,MAPPED_DIRECTLY
SENSOR_TYPE_HIERARCHY,WEUSEDTO,AVAILABLE,MAPPED_DIRECTLY
SIMPLE_RESULT,EAUTONOME,AVAILABLE,NATIVE_DATA
SIMPLE_RESULT,HSB,AVAILABLE,MAPPED_DIRECTLY
SIMPLE_RESULT,WEUSEDTO,AVAILABLE,MAPPED_DIRECTLY
STATUS_FILTER_VALUES,EAUTONOME,AVAILABLE,QUERY_CONSTANT
STATUS_FILTER_VALUES,HSB,AVAILABLE,QUERY_CONSTANT
STATUS_FILTER_VALUES,WEUSEDTO,AVAILABLE,QUERY_CONSTANT
USED_PROCEDURE,EAUTONOME,AVAILABLE,NATIVE_DATA
USED_PROCEDURE,HSB,AVAILABLE,MAPPED_DIRECTLY
USED_PROCEDURE,WEUSEDTO,MISSING,SOURCE_METADATA_ABSENT
